USE [SoftwareVersionsDatabase]
GO
SET IDENTITY_INSERT [dbo].[Systems] ON 

INSERT [dbo].[Systems] ([Id], [System]) VALUES (3, N'')
INSERT [dbo].[Systems] ([Id], [System]) VALUES (4, N'IC2')
INSERT [dbo].[Systems] ([Id], [System]) VALUES (5, N'Motion Controller')
INSERT [dbo].[Systems] ([Id], [System]) VALUES (6, N'netXECAT')
INSERT [dbo].[Systems] ([Id], [System]) VALUES (7, N'CPA')
SET IDENTITY_INSERT [dbo].[Systems] OFF
SET IDENTITY_INSERT [dbo].[SystemSoftwares] ON 

INSERT [dbo].[SystemSoftwares] ([Id], [Software], [SystemsId]) VALUES (4, N'F02.0B.01.00', 4)
INSERT [dbo].[SystemSoftwares] ([Id], [Software], [SystemsId]) VALUES (5, N'FIR-v1524-B136619', 5)
INSERT [dbo].[SystemSoftwares] ([Id], [Software], [SystemsId]) VALUES (6, N'F02.0T.01.00', 4)
INSERT [dbo].[SystemSoftwares] ([Id], [Software], [SystemsId]) VALUES (7, N'4.3.11.0', 6)
INSERT [dbo].[SystemSoftwares] ([Id], [Software], [SystemsId]) VALUES (8, N'F01.0C.04.01', 4)
INSERT [dbo].[SystemSoftwares] ([Id], [Software], [SystemsId]) VALUES (9, N'F01.0C.04.00', 4)
INSERT [dbo].[SystemSoftwares] ([Id], [Software], [SystemsId]) VALUES (10, N'F01.0C.03.03', 4)
INSERT [dbo].[SystemSoftwares] ([Id], [Software], [SystemsId]) VALUES (11, N'F01.0C.03.00', 4)
INSERT [dbo].[SystemSoftwares] ([Id], [Software], [SystemsId]) VALUES (12, N'F01.0C.005', 4)
INSERT [dbo].[SystemSoftwares] ([Id], [Software], [SystemsId]) VALUES (13, N'F01.0C.01.00', 4)
INSERT [dbo].[SystemSoftwares] ([Id], [Software], [SystemsId]) VALUES (14, N'F01.0C.02.00', 4)
INSERT [dbo].[SystemSoftwares] ([Id], [Software], [SystemsId]) VALUES (15, N'F01.0C.02.07', 4)
INSERT [dbo].[SystemSoftwares] ([Id], [Software], [SystemsId]) VALUES (16, N'F01.0C.02.08', 4)
INSERT [dbo].[SystemSoftwares] ([Id], [Software], [SystemsId]) VALUES (17, N'F01.0C.02.09', 4)
INSERT [dbo].[SystemSoftwares] ([Id], [Software], [SystemsId]) VALUES (18, N'F01.0C.02.10', 4)
INSERT [dbo].[SystemSoftwares] ([Id], [Software], [SystemsId]) VALUES (19, N'F01.0C.02.11', 4)
INSERT [dbo].[SystemSoftwares] ([Id], [Software], [SystemsId]) VALUES (20, N'F01.0C.02.12', 4)
INSERT [dbo].[SystemSoftwares] ([Id], [Software], [SystemsId]) VALUES (21, N'F01.0C.02.06', 4)
INSERT [dbo].[SystemSoftwares] ([Id], [Software], [SystemsId]) VALUES (22, N'F01.0C.03.01', 4)
INSERT [dbo].[SystemSoftwares] ([Id], [Software], [SystemsId]) VALUES (23, N'F01.0C.03.02', 4)
INSERT [dbo].[SystemSoftwares] ([Id], [Software], [SystemsId]) VALUES (24, N'F01.0C.05.00', 4)
INSERT [dbo].[SystemSoftwares] ([Id], [Software], [SystemsId]) VALUES (25, N'F01.0C.06.00', 4)
INSERT [dbo].[SystemSoftwares] ([Id], [Software], [SystemsId]) VALUES (26, N'F01.0P.02.00', 4)
INSERT [dbo].[SystemSoftwares] ([Id], [Software], [SystemsId]) VALUES (27, N'F01.0P.02.01', 4)
INSERT [dbo].[SystemSoftwares] ([Id], [Software], [SystemsId]) VALUES (28, N'F01.0P.03.00', 4)
INSERT [dbo].[SystemSoftwares] ([Id], [Software], [SystemsId]) VALUES (29, N'F01.1P.01.04', 4)
INSERT [dbo].[SystemSoftwares] ([Id], [Software], [SystemsId]) VALUES (30, N'F01.1P.01.05', 4)
INSERT [dbo].[SystemSoftwares] ([Id], [Software], [SystemsId]) VALUES (31, N'F01.1P.01.06', 4)
INSERT [dbo].[SystemSoftwares] ([Id], [Software], [SystemsId]) VALUES (32, N'F01.1P.01.07', 4)
INSERT [dbo].[SystemSoftwares] ([Id], [Software], [SystemsId]) VALUES (33, N'F02.1P.01.01', 4)
INSERT [dbo].[SystemSoftwares] ([Id], [Software], [SystemsId]) VALUES (34, N'4.0.3', 7)
INSERT [dbo].[SystemSoftwares] ([Id], [Software], [SystemsId]) VALUES (35, N'4.0.4', 7)
INSERT [dbo].[SystemSoftwares] ([Id], [Software], [SystemsId]) VALUES (36, N'4.0.5', 7)
INSERT [dbo].[SystemSoftwares] ([Id], [Software], [SystemsId]) VALUES (37, N'4.0.6', 7)
INSERT [dbo].[SystemSoftwares] ([Id], [Software], [SystemsId]) VALUES (38, N'FIR-v1606-B292615 Axis1', 5)
INSERT [dbo].[SystemSoftwares] ([Id], [Software], [SystemsId]) VALUES (39, N'FIR-v1606-B292615 Axis2', 5)
INSERT [dbo].[SystemSoftwares] ([Id], [Software], [SystemsId]) VALUES (40, N'FIR-v1524-B293396 Axis1', 4)
INSERT [dbo].[SystemSoftwares] ([Id], [Software], [SystemsId]) VALUES (41, N'FIR-v1524-B293396 Axis2', 5)
INSERT [dbo].[SystemSoftwares] ([Id], [Software], [SystemsId]) VALUES (42, N'FIR-v1524-B293396 Axis1', 5)
INSERT [dbo].[SystemSoftwares] ([Id], [Software], [SystemsId]) VALUES (43, N'F01.0C.08.00', 4)
INSERT [dbo].[SystemSoftwares] ([Id], [Software], [SystemsId]) VALUES (44, N'F01.0C.07.00', 4)
INSERT [dbo].[SystemSoftwares] ([Id], [Software], [SystemsId]) VALUES (45, N'F01.0C.05.01', 4)
INSERT [dbo].[SystemSoftwares] ([Id], [Software], [SystemsId]) VALUES (46, N'F01.0C.02.14', 4)
INSERT [dbo].[SystemSoftwares] ([Id], [Software], [SystemsId]) VALUES (47, N'F01.0T.02.09', 4)
INSERT [dbo].[SystemSoftwares] ([Id], [Software], [SystemsId]) VALUES (48, N'F01.0C.05.02', 4)
INSERT [dbo].[SystemSoftwares] ([Id], [Software], [SystemsId]) VALUES (49, N'F01.0C.02.15', 4)
INSERT [dbo].[SystemSoftwares] ([Id], [Software], [SystemsId]) VALUES (50, N'F01.0C.02.16', 4)
INSERT [dbo].[SystemSoftwares] ([Id], [Software], [SystemsId]) VALUES (51, N'F01.0C.02.17', 4)
INSERT [dbo].[SystemSoftwares] ([Id], [Software], [SystemsId]) VALUES (52, N'F01.0C.05.03', 4)
INSERT [dbo].[SystemSoftwares] ([Id], [Software], [SystemsId]) VALUES (53, N'F01.0C.09.00', 4)
INSERT [dbo].[SystemSoftwares] ([Id], [Software], [SystemsId]) VALUES (54, N'F01.0C.10.00', 4)
INSERT [dbo].[SystemSoftwares] ([Id], [Software], [SystemsId]) VALUES (55, N'F01.0C.02.18', 4)
INSERT [dbo].[SystemSoftwares] ([Id], [Software], [SystemsId]) VALUES (56, N'F01.0C.11.00', 4)
INSERT [dbo].[SystemSoftwares] ([Id], [Software], [SystemsId]) VALUES (57, N'F01.0C.12.00', 4)
INSERT [dbo].[SystemSoftwares] ([Id], [Software], [SystemsId]) VALUES (58, N'F01.0C.13.00', 4)
INSERT [dbo].[SystemSoftwares] ([Id], [Software], [SystemsId]) VALUES (59, N'F01.0C.12.01', 4)
INSERT [dbo].[SystemSoftwares] ([Id], [Software], [SystemsId]) VALUES (60, N'F01.0C.05.04', 4)
INSERT [dbo].[SystemSoftwares] ([Id], [Software], [SystemsId]) VALUES (61, N'F01.0C.04.02', 4)
INSERT [dbo].[SystemSoftwares] ([Id], [Software], [SystemsId]) VALUES (62, N'F01.0C.14.00', 4)
INSERT [dbo].[SystemSoftwares] ([Id], [Software], [SystemsId]) VALUES (63, N'F01.0C.05.05', 4)
INSERT [dbo].[SystemSoftwares] ([Id], [Software], [SystemsId]) VALUES (64, N'F02.0B.02.00', 4)
INSERT [dbo].[SystemSoftwares] ([Id], [Software], [SystemsId]) VALUES (65, N'F02.0T.02.00', 4)
INSERT [dbo].[SystemSoftwares] ([Id], [Software], [SystemsId]) VALUES (66, N'DEV-FIR-1803-B381835 Axis2', 5)
INSERT [dbo].[SystemSoftwares] ([Id], [Software], [SystemsId]) VALUES (67, N'DEV-FIR-1803-B381835 Axis1', 5)
INSERT [dbo].[SystemSoftwares] ([Id], [Software], [SystemsId]) VALUES (68, N'F01.0C.05.06', 4)
INSERT [dbo].[SystemSoftwares] ([Id], [Software], [SystemsId]) VALUES (69, N'F01.0P.04.00', 4)
INSERT [dbo].[SystemSoftwares] ([Id], [Software], [SystemsId]) VALUES (72, N'F01.0T.02.00', 4)
INSERT [dbo].[SystemSoftwares] ([Id], [Software], [SystemsId]) VALUES (73, N'F01.0C.02.19', 4)
INSERT [dbo].[SystemSoftwares] ([Id], [Software], [SystemsId]) VALUES (74, N'F01.0C.15.00', 4)
INSERT [dbo].[SystemSoftwares] ([Id], [Software], [SystemsId]) VALUES (86, N'F01.0C.16.00', 4)
INSERT [dbo].[SystemSoftwares] ([Id], [Software], [SystemsId]) VALUES (87, N'F01.0P.05.00', 4)
INSERT [dbo].[SystemSoftwares] ([Id], [Software], [SystemsId]) VALUES (88, N'F01.0C.02.20', 4)
INSERT [dbo].[SystemSoftwares] ([Id], [Software], [SystemsId]) VALUES (89, N'F01.0C.17.00', 4)
INSERT [dbo].[SystemSoftwares] ([Id], [Software], [SystemsId]) VALUES (90, N'F01.0C.18.00', 4)
INSERT [dbo].[SystemSoftwares] ([Id], [Software], [SystemsId]) VALUES (91, N'4.6.0.4', 6)
INSERT [dbo].[SystemSoftwares] ([Id], [Software], [SystemsId]) VALUES (92, N'4.0.7', 7)
INSERT [dbo].[SystemSoftwares] ([Id], [Software], [SystemsId]) VALUES (93, N'F01.0C.16.01', 4)
INSERT [dbo].[SystemSoftwares] ([Id], [Software], [SystemsId]) VALUES (94, N'F01.0C.16.02', 4)
INSERT [dbo].[SystemSoftwares] ([Id], [Software], [SystemsId]) VALUES (95, N'F01.0C.17.01', 4)
INSERT [dbo].[SystemSoftwares] ([Id], [Software], [SystemsId]) VALUES (96, N'F01.0C.05.07', 4)
SET IDENTITY_INSERT [dbo].[SystemSoftwares] OFF
SET IDENTITY_INSERT [dbo].[SoftwareVersions] ON 

INSERT [dbo].[SoftwareVersions] ([Id], [Software], [Base], [System], [Customer], [Author], [Date], [PssNumber], [Status], [Description], [PrivateInfosBugs], [PssStatus], [AdditionalInformation]) VALUES (4, N'F02.0B.01.00', N'', N'IC2', N'APTC, KR', N'Reto Kaufmann', CAST(N'2015-10-06 00:00:00.000' AS DateTime), 813944, NULL, N'Erste Basis-Firmwareversion für 0-Seriencontroller IC2H2', NULL, NULL, NULL)
INSERT [dbo].[SoftwareVersions] ([Id], [Software], [Base], [System], [Customer], [Author], [Date], [PssNumber], [Status], [Description], [PrivateInfosBugs], [PssStatus], [AdditionalInformation]) VALUES (5, N'FIR-v1524-B136619', N'', N'Motion Controller', N'Internal', N'', CAST(N'2015-11-11 00:00:00.000' AS DateTime), NULL, NULL, NULL, N'*Jerk-Problem behoben
*SPI Bug behoben', NULL, NULL)
INSERT [dbo].[SoftwareVersions] ([Id], [Software], [Base], [System], [Customer], [Author], [Date], [PssNumber], [Status], [Description], [PrivateInfosBugs], [PssStatus], [AdditionalInformation]) VALUES (6, N'F02.0T.01.00', N'F02.0B.01.00', N'IC2', N'APTC, KR', N'Reto Kaufmann', CAST(N'2015-10-06 00:00:00.000' AS DateTime), 815078, NULL, N'Identisch zu F02.0B.01.00 jedoch für 1 MB Flash (RX)', NULL, NULL, NULL)
INSERT [dbo].[SoftwareVersions] ([Id], [Software], [Base], [System], [Customer], [Author], [Date], [PssNumber], [Status], [Description], [PrivateInfosBugs], [PssStatus], [AdditionalInformation]) VALUES (7, N'4.3.11.0', N'', N'netXECAT', N'Internal', N'', CAST(N'2015-08-18 00:00:00.000' AS DateTime), NULL, NULL, NULL, NULL, NULL, NULL)
INSERT [dbo].[SoftwareVersions] ([Id], [Software], [Base], [System], [Customer], [Author], [Date], [PssNumber], [Status], [Description], [PrivateInfosBugs], [PssStatus], [AdditionalInformation]) VALUES (8, N'F01.0C.04.01', N'F01.0C.04.00', N'IC2', N'TEL ES', N'Reto Kaufmann', CAST(N'2015-09-07 00:00:00.000' AS DateTime), 811617, NULL, N'Firmware aus aktuellem Trunk, Regleroptimierungen eingeschalten.', NULL, NULL, NULL)
INSERT [dbo].[SoftwareVersions] ([Id], [Software], [Base], [System], [Customer], [Author], [Date], [PssNumber], [Status], [Description], [PrivateInfosBugs], [PssStatus], [AdditionalInformation]) VALUES (9, N'F01.0C.03.03', N'', N'IC2', N'TEL', N'Reto Kaufmann', CAST(N'2015-07-29 00:00:00.000' AS DateTime), 807275, NULL, N'*erste gefräste Version mit DN320
*MotionController mit externem EEProm', NULL, NULL, NULL)
INSERT [dbo].[SoftwareVersions] ([Id], [Software], [Base], [System], [Customer], [Author], [Date], [PssNumber], [Status], [Description], [PrivateInfosBugs], [PssStatus], [AdditionalInformation]) VALUES (10, N'F01.0C.04.00', N'trunk', N'IC2', N'TEL ES', N'Reto Kaufmann', CAST(N'2015-03-02 00:00:00.000' AS DateTime), 773708, NULL, N'DN250 TEL ES erstes Testventil, geliefert März 2015', NULL, NULL, NULL)
INSERT [dbo].[SoftwareVersions] ([Id], [Software], [Base], [System], [Customer], [Author], [Date], [PssNumber], [Status], [Description], [PrivateInfosBugs], [PssStatus], [AdditionalInformation]) VALUES (11, N'F01.0C.03.00', N'', N'IC2', N'TEL', N'Reto Kaufmann', CAST(N'2014-09-30 00:00:00.000' AS DateTime), 770828, NULL, N'Testventil', NULL, NULL, NULL)
INSERT [dbo].[SoftwareVersions] ([Id], [Software], [Base], [System], [Customer], [Author], [Date], [PssNumber], [Status], [Description], [PrivateInfosBugs], [PssStatus], [AdditionalInformation]) VALUES (12, N'F01.0C.005', N'F01.0C.03.03', N'IC2', N'TEL', N'Reto Kaufmann', CAST(N'2015-07-29 00:00:00.000' AS DateTime), NULL, NULL, NULL, NULL, NULL, NULL)
INSERT [dbo].[SoftwareVersions] ([Id], [Software], [Base], [System], [Customer], [Author], [Date], [PssNumber], [Status], [Description], [PrivateInfosBugs], [PssStatus], [AdditionalInformation]) VALUES (13, N'F01.0C.01.00', N'', N'IC2', N'AMAT', N'Reto Kaufmann', CAST(N'2014-09-30 00:00:00.000' AS DateTime), 770786, NULL, N'Testventil', NULL, NULL, NULL)
INSERT [dbo].[SoftwareVersions] ([Id], [Software], [Base], [System], [Customer], [Author], [Date], [PssNumber], [Status], [Description], [PrivateInfosBugs], [PssStatus], [AdditionalInformation]) VALUES (14, N'F01.0C.02.00', N'', N'IC2', N'LAM', N'Reto Kaufmann', CAST(N'2015-03-05 00:00:00.000' AS DateTime), 765610, NULL, N'Erstinbetriebnahme FaceSeal bei LAM', NULL, NULL, NULL)
INSERT [dbo].[SoftwareVersions] ([Id], [Software], [Base], [System], [Customer], [Author], [Date], [PssNumber], [Status], [Description], [PrivateInfosBugs], [PssStatus], [AdditionalInformation]) VALUES (15, N'F01.0C.02.07', N'F01.0C.02.00', N'IC2', N'LAM', N'Reto Kaufmann', CAST(N'2015-09-21 00:00:00.000' AS DateTime), 813361, NULL, N'Erweiterung für LAM enthalten: SettingLock-Mode', NULL, NULL, NULL)
INSERT [dbo].[SoftwareVersions] ([Id], [Software], [Base], [System], [Customer], [Author], [Date], [PssNumber], [Status], [Description], [PrivateInfosBugs], [PssStatus], [AdditionalInformation]) VALUES (16, N'F01.0C.02.08', N'F01.0C.02.07', N'IC2', N'LAM', N'Reto Kaufmann', CAST(N'2015-10-22 00:00:00.000' AS DateTime), 815005, NULL, N'Version, die auf das Testtool kommen sollte. LAM meldete Abweichungen beim Regler verglichen zur 06er Version --> es war unbeabsichtigt eine Regleroptimierung reingerutscht', NULL, NULL, NULL)
INSERT [dbo].[SoftwareVersions] ([Id], [Software], [Base], [System], [Customer], [Author], [Date], [PssNumber], [Status], [Description], [PrivateInfosBugs], [PssStatus], [AdditionalInformation]) VALUES (17, N'F01.0C.02.09', N'F01.0C.02.08', N'IC2', N'LAM', N'Reto Kaufmann', CAST(N'2015-10-22 00:00:00.000' AS DateTime), 816044, NULL, N'Hier sollte das Problem der 08er Version gelöst werden, leider ohne Erfolg', NULL, NULL, NULL)
INSERT [dbo].[SoftwareVersions] ([Id], [Software], [Base], [System], [Customer], [Author], [Date], [PssNumber], [Status], [Description], [PrivateInfosBugs], [PssStatus], [AdditionalInformation]) VALUES (18, N'F01.0C.02.10', N'F01.0C.02.09', N'IC2', N'LAM', N'Reto Kaufmann', CAST(N'2015-10-22 00:00:00.000' AS DateTime), 816244, NULL, N'Hier wurde der Code für den adaptiven Regler 1:1 von der 06er Version genommen--> Regelung ist jetzt identisch zur 06er', NULL, NULL, NULL)
INSERT [dbo].[SoftwareVersions] ([Id], [Software], [Base], [System], [Customer], [Author], [Date], [PssNumber], [Status], [Description], [PrivateInfosBugs], [PssStatus], [AdditionalInformation]) VALUES (19, N'F01.0C.02.11', N'F01.0C.02.10', N'IC2', N'LAM', N'Reto Kaufmann', CAST(N'2015-11-05 00:00:00.000' AS DateTime), 818570, NULL, NULL, N'Bugfix: Bei eingeschaltetem Sensor Delay (Adaptiv Control Setting) und ohne Learndaten gab es Probleme: Wenn danach ein Learn eingeleitet wurde, konnte trotzdem nicht geregelt werden (erst nach Power Off/On).', NULL, NULL)
INSERT [dbo].[SoftwareVersions] ([Id], [Software], [Base], [System], [Customer], [Author], [Date], [PssNumber], [Status], [Description], [PrivateInfosBugs], [PssStatus], [AdditionalInformation]) VALUES (20, N'F01.0C.02.12', N'F01.0C.02.11', N'IC2', N'LAM', N'Reto Kaufmann', CAST(N'2015-11-12 00:00:00.000' AS DateTime), 819827, NULL, N'PDO Erweiterung: Pressure Ramp Time', NULL, NULL, NULL)
INSERT [dbo].[SoftwareVersions] ([Id], [Software], [Base], [System], [Customer], [Author], [Date], [PssNumber], [Status], [Description], [PrivateInfosBugs], [PssStatus], [AdditionalInformation]) VALUES (21, N'F01.0C.02.06', N'', N'IC2', N'APTC, KR', N'', CAST(N'2015-08-18 00:00:00.000' AS DateTime), 809464, NULL, NULL, NULL, NULL, NULL)
INSERT [dbo].[SoftwareVersions] ([Id], [Software], [Base], [System], [Customer], [Author], [Date], [PssNumber], [Status], [Description], [PrivateInfosBugs], [PssStatus], [AdditionalInformation]) VALUES (22, N'F01.0C.03.01', N'', N'IC2', N'TEL', N'', CAST(N'2015-06-17 00:00:00.000' AS DateTime), 794188, NULL, NULL, NULL, NULL, NULL)
INSERT [dbo].[SoftwareVersions] ([Id], [Software], [Base], [System], [Customer], [Author], [Date], [PssNumber], [Status], [Description], [PrivateInfosBugs], [PssStatus], [AdditionalInformation]) VALUES (23, N'F01.0C.03.02', N'', N'IC2', N'TEL', N'', CAST(N'2015-06-17 00:00:00.000' AS DateTime), 798633, NULL, NULL, NULL, NULL, NULL)
INSERT [dbo].[SoftwareVersions] ([Id], [Software], [Base], [System], [Customer], [Author], [Date], [PssNumber], [Status], [Description], [PrivateInfosBugs], [PssStatus], [AdditionalInformation]) VALUES (24, N'F01.0C.05.00', N'trunk', N'IC2', N'TEL', N'Reto Kaufmann', CAST(N'2016-03-24 00:00:00.000' AS DateTime), 830413, NULL, N'TEL SFV (für Samsung), erste Implementation vom SFV auf IC2 Basis', NULL, NULL, NULL)
INSERT [dbo].[SoftwareVersions] ([Id], [Software], [Base], [System], [Customer], [Author], [Date], [PssNumber], [Status], [Description], [PrivateInfosBugs], [PssStatus], [AdditionalInformation]) VALUES (25, N'F01.0C.06.00', N'trunk', N'IC2', N'TEL (TML)', N'Reto Kaufmann', CAST(N'2016-04-20 00:00:00.000' AS DateTime), 834492, NULL, N'R655 Regelversuche, Weiterentwicklung Regler', NULL, NULL, NULL)
INSERT [dbo].[SoftwareVersions] ([Id], [Software], [Base], [System], [Customer], [Author], [Date], [PssNumber], [Status], [Description], [PrivateInfosBugs], [PssStatus], [AdditionalInformation]) VALUES (26, N'F01.0P.02.00', N'', N'IC2', N'Internal', N'Christoph Rhiner', CAST(N'2015-09-15 00:00:00.000' AS DateTime), 812334, NULL, N'R655 Actuator test. Supports test hardware device V0.', NULL, NULL, NULL)
INSERT [dbo].[SoftwareVersions] ([Id], [Software], [Base], [System], [Customer], [Author], [Date], [PssNumber], [Status], [Description], [PrivateInfosBugs], [PssStatus], [AdditionalInformation]) VALUES (27, N'F01.0P.02.01', N'F01.0P.02.00', N'IC2', N'Internal', N'Christoph Rhiner', CAST(N'2016-03-23 00:00:00.000' AS DateTime), 828596, NULL, N'R655 Actuator test. R655 Actuator test. Supports test hardware device V1.', NULL, NULL, NULL)
INSERT [dbo].[SoftwareVersions] ([Id], [Software], [Base], [System], [Customer], [Author], [Date], [PssNumber], [Status], [Description], [PrivateInfosBugs], [PssStatus], [AdditionalInformation]) VALUES (28, N'F01.0P.03.00', N'', N'IC2', N'Internal', N'Christoph Rhiner', CAST(N'2016-04-06 00:00:00.000' AS DateTime), 837597, NULL, N'R655 Motor test', NULL, NULL, NULL)
INSERT [dbo].[SoftwareVersions] ([Id], [Software], [Base], [System], [Customer], [Author], [Date], [PssNumber], [Status], [Description], [PrivateInfosBugs], [PssStatus], [AdditionalInformation]) VALUES (29, N'F01.1P.01.04', N'', N'IC2', N'Internal', N'Christoph Rhiner', CAST(N'2017-02-07 15:13:43.000' AS DateTime), 768002, NULL, N'RunIn', NULL, NULL, NULL)
INSERT [dbo].[SoftwareVersions] ([Id], [Software], [Base], [System], [Customer], [Author], [Date], [PssNumber], [Status], [Description], [PrivateInfosBugs], [PssStatus], [AdditionalInformation]) VALUES (30, N'F01.1P.01.05', N'F01.1P.01.04', N'IC2', N'Internal', N'Christoph Rhiner', CAST(N'2015-03-25 00:00:00.000' AS DateTime), 787055, NULL, N'RunIn, first production serie, RX controller typ R5F563NF', NULL, NULL, NULL)
INSERT [dbo].[SoftwareVersions] ([Id], [Software], [Base], [System], [Customer], [Author], [Date], [PssNumber], [Status], [Description], [PrivateInfosBugs], [PssStatus], [AdditionalInformation]) VALUES (31, N'F01.1P.01.06', N'F01.1P.01.05', N'IC2', N'Internal', N'Christoph Rhiner', CAST(N'2015-08-27 00:00:00.000' AS DateTime), 810124, NULL, N'RunIn, Eexternes eeprom and EtherCAT Interface test implemented', NULL, NULL, NULL)
INSERT [dbo].[SoftwareVersions] ([Id], [Software], [Base], [System], [Customer], [Author], [Date], [PssNumber], [Status], [Description], [PrivateInfosBugs], [PssStatus], [AdditionalInformation]) VALUES (32, N'F01.1P.01.07', N'F01.1P.01.06', N'IC2', N'Internal', N'Christoph Rhiner', CAST(N'2016-05-20 00:00:00.000' AS DateTime), 816916, NULL, N'RunIn, DeviceNet Interface test implemented', NULL, NULL, NULL)
INSERT [dbo].[SoftwareVersions] ([Id], [Software], [Base], [System], [Customer], [Author], [Date], [PssNumber], [Status], [Description], [PrivateInfosBugs], [PssStatus], [AdditionalInformation]) VALUES (33, N'F02.1P.01.01', N'', N'IC2', N'Internal', N'Christoph Rhiner', CAST(N'2016-04-06 00:00:00.000' AS DateTime), 838507, NULL, N'RunIn, Improved current measurement', NULL, NULL, NULL)
INSERT [dbo].[SoftwareVersions] ([Id], [Software], [Base], [System], [Customer], [Author], [Date], [PssNumber], [Status], [Description], [PrivateInfosBugs], [PssStatus], [AdditionalInformation]) VALUES (34, N'4.0.3', N'', N'CPA', N'-', N'', CAST(N'2014-09-30 00:00:00.000' AS DateTime), 770746, NULL, NULL, N'', NULL, NULL)
INSERT [dbo].[SoftwareVersions] ([Id], [Software], [Base], [System], [Customer], [Author], [Date], [PssNumber], [Status], [Description], [PrivateInfosBugs], [PssStatus], [AdditionalInformation]) VALUES (35, N'4.0.4', N'4.0.3', N'CPA', N'-', N'', CAST(N'2015-04-14 00:00:00.000' AS DateTime), 794190, NULL, NULL, NULL, NULL, NULL)
INSERT [dbo].[SoftwareVersions] ([Id], [Software], [Base], [System], [Customer], [Author], [Date], [PssNumber], [Status], [Description], [PrivateInfosBugs], [PssStatus], [AdditionalInformation]) VALUES (36, N'4.0.5', N'4.0.4', N'CPA', N'-', N'', CAST(N'2015-07-29 00:00:00.000' AS DateTime), 807273, NULL, NULL, NULL, NULL, NULL)
INSERT [dbo].[SoftwareVersions] ([Id], [Software], [Base], [System], [Customer], [Author], [Date], [PssNumber], [Status], [Description], [PrivateInfosBugs], [PssStatus], [AdditionalInformation]) VALUES (37, N'4.0.6', N'4.0.5', N'CPA', N'-', N'', CAST(N'2016-04-12 00:00:00.000' AS DateTime), 839759, NULL, NULL, NULL, NULL, NULL)
INSERT [dbo].[SoftwareVersions] ([Id], [Software], [Base], [System], [Customer], [Author], [Date], [PssNumber], [Status], [Description], [PrivateInfosBugs], [PssStatus], [AdditionalInformation]) VALUES (38, N'FIR-v1606-B292615 Axis1', N'FIR-v1524-B136619', N'Motion Controller', N'-', N'Nanotec', CAST(N'2016-04-01 00:00:00.000' AS DateTime), 838216, NULL, NULL, N'', NULL, NULL)
INSERT [dbo].[SoftwareVersions] ([Id], [Software], [Base], [System], [Customer], [Author], [Date], [PssNumber], [Status], [Description], [PrivateInfosBugs], [PssStatus], [AdditionalInformation]) VALUES (39, N'FIR-v1606-B292615 Axis2', N'FIR-v1606-B292615 Axis1', N'Motion Controller', N'-', N'Nanotec', CAST(N'2016-04-01 00:00:00.000' AS DateTime), 838217, NULL, NULL, NULL, NULL, NULL)
INSERT [dbo].[SoftwareVersions] ([Id], [Software], [Base], [System], [Customer], [Author], [Date], [PssNumber], [Status], [Description], [PrivateInfosBugs], [PssStatus], [AdditionalInformation]) VALUES (40, N'FIR-v1524-B293396 Axis1', N'FIR-v1524-B136619', N'Motion Controller', N'-', N'Nanotec', CAST(N'2016-04-05 00:00:00.000' AS DateTime), 838651, NULL, N'LAM Version', NULL, NULL, NULL)
INSERT [dbo].[SoftwareVersions] ([Id], [Software], [Base], [System], [Customer], [Author], [Date], [PssNumber], [Status], [Description], [PrivateInfosBugs], [PssStatus], [AdditionalInformation]) VALUES (41, N'FIR-v1524-B293396 Axis2', N'FIR-v1524-B293396 Axis1', N'Motion Controller', N'-', N'Nanotec', CAST(N'2016-04-05 00:00:00.000' AS DateTime), 838652, NULL, N'LAM Version', NULL, NULL, NULL)
INSERT [dbo].[SoftwareVersions] ([Id], [Software], [Base], [System], [Customer], [Author], [Date], [PssNumber], [Status], [Description], [PrivateInfosBugs], [PssStatus], [AdditionalInformation]) VALUES (42, N'F01.0C.08.00', N'trunk', N'IC2', N'Hitachi Kasado', N'Reto Kaufmann', CAST(N'2016-09-08 00:00:00.000' AS DateTime), 848259, NULL, N'SFV-Projekt, Digitale Eingänge haben Konfiguration für Close, Open, Hold(inkl. Hold-Delay) oder Plasma Mode.', NULL, NULL, NULL)
INSERT [dbo].[SoftwareVersions] ([Id], [Software], [Base], [System], [Customer], [Author], [Date], [PssNumber], [Status], [Description], [PrivateInfosBugs], [PssStatus], [AdditionalInformation]) VALUES (43, N'F01.0C.07.00', N'trunk', N'IC2', N'APTC, KR', N'Reto Kaufmann', CAST(N'2016-07-20 00:00:00.000' AS DateTime), 844198, NULL, N'Zusätzlich Q: Commands', NULL, NULL, NULL)
INSERT [dbo].[SoftwareVersions] ([Id], [Software], [Base], [System], [Customer], [Author], [Date], [PssNumber], [Status], [Description], [PrivateInfosBugs], [PssStatus], [AdditionalInformation]) VALUES (44, N'F01.0C.05.01', N'F01.0C.05.00', N'IC2', N'TEL', N'Reto Kaufmann', CAST(N'2016-04-19 00:00:00.000' AS DateTime), 840645, NULL, N'Homing-Optimierung wenn O-Ring klebt', NULL, NULL, NULL)
INSERT [dbo].[SoftwareVersions] ([Id], [Software], [Base], [System], [Customer], [Author], [Date], [PssNumber], [Status], [Description], [PrivateInfosBugs], [PssStatus], [AdditionalInformation]) VALUES (45, N'F01.0C.02.14', N'', N'IC2', N'LAM', N'Reto Kaufmann', CAST(N'2016-04-08 00:00:00.000' AS DateTime), 839408, NULL, N'Release basierend auf F01.0T.02.07, in F01.0T.02.07 sind alle neuen Regelparameter via EtherCAT verfügbar', NULL, NULL, NULL)
INSERT [dbo].[SoftwareVersions] ([Id], [Software], [Base], [System], [Customer], [Author], [Date], [PssNumber], [Status], [Description], [PrivateInfosBugs], [PssStatus], [AdditionalInformation]) VALUES (46, N'F01.0T.02.09', N'', N'IC2', N'LAM', N'Reto Kaufmann', CAST(N'2016-02-07 15:13:05.000' AS DateTime), NULL, NULL, N'Digitale FIR-Filter für Sensor-Eingang', NULL, NULL, NULL)
INSERT [dbo].[SoftwareVersions] ([Id], [Software], [Base], [System], [Customer], [Author], [Date], [PssNumber], [Status], [Description], [PrivateInfosBugs], [PssStatus], [AdditionalInformation]) VALUES (47, N'F01.0C.05.02', N'F01.0C.05.01', N'IC2', N'TEL', N'Reto Kaufmann', CAST(N'2016-07-08 00:00:00.000' AS DateTime), 846400, NULL, N'Minimum Conductance Detection eingeführt', N'* Bug Regler behoben (Begrenzung hat gefehlt)
* Drive EEPROM Konzept umgestellt (nichts mehr auf dem Drive-EEPROM speichern)', NULL, NULL)
INSERT [dbo].[SoftwareVersions] ([Id], [Software], [Base], [System], [Customer], [Author], [Date], [PssNumber], [Status], [Description], [PrivateInfosBugs], [PssStatus], [AdditionalInformation]) VALUES (48, N'F01.0C.02.15', N'F01.0C.02.14', N'IC2', N'LAM', N'Reto Kaufmann', CAST(N'2017-02-05 00:00:00.000' AS DateTime), 849370, NULL, N'Optimize Position Profile (Kink Issue)', NULL, NULL, NULL)
INSERT [dbo].[SoftwareVersions] ([Id], [Software], [Base], [System], [Customer], [Author], [Date], [PssNumber], [Status], [Description], [PrivateInfosBugs], [PssStatus], [AdditionalInformation]) VALUES (49, N'F01.0C.02.16', N'F01.0C.02.15', N'IC2', N'LAM', N'Reto Kaufmann', CAST(N'2016-07-08 00:00:00.000' AS DateTime), 851637, NULL, N'* "Alter" Master-Slave Positienierung beim R655
* Sync-Punkt neu nicht mehr fixiert auf 50
* einige ECAT Objekte (Antriebsparameter) zugefügt', NULL, NULL, NULL)
INSERT [dbo].[SoftwareVersions] ([Id], [Software], [Base], [System], [Customer], [Author], [Date], [PssNumber], [Status], [Description], [PrivateInfosBugs], [PssStatus], [AdditionalInformation]) VALUES (50, N'F01.0C.02.17', N'F01.0C.02.16', N'IC2', N'LAM', N'Reto Kaufmann', CAST(N'2016-07-15 00:00:00.000' AS DateTime), 852591, NULL, N'Im Stroke-Only Bereich die ActualPosition begrenzt. Problem war, wenn schnell in den Stroke-Only bereich gefahren wurde, ist im ersten Moment im Stroke-Only Bereich der Stroke noch nicht ganz am Ziel (seine Position ist etwas grösser), dadurch resultiert ein "Hügel" im Verlauf von ActualPosition', NULL, NULL, NULL)
INSERT [dbo].[SoftwareVersions] ([Id], [Software], [Base], [System], [Customer], [Author], [Date], [PssNumber], [Status], [Description], [PrivateInfosBugs], [PssStatus], [AdditionalInformation]) VALUES (51, N'F01.0C.05.03', N'F01.0C.05.02', N'IC2', N'TEL (TML)', N'Wolfgang Madlener', CAST(N'2016-08-10 00:00:00.000' AS DateTime), 855072, NULL, N'Without rs wait time which relsults in pressure spikes', N'', NULL, NULL)
INSERT [dbo].[SoftwareVersions] ([Id], [Software], [Base], [System], [Customer], [Author], [Date], [PssNumber], [Status], [Description], [PrivateInfosBugs], [PssStatus], [AdditionalInformation]) VALUES (52, N'F01.0C.09.00', N'F01.0C.08.00', N'IC2', N'TEL', N'Reto Kaufmann', CAST(N'2016-09-16 00:00:00.000' AS DateTime), 858433, NULL, N'Firmware for first prototype iVAT with IC2', NULL, NULL, NULL)
INSERT [dbo].[SoftwareVersions] ([Id], [Software], [Base], [System], [Customer], [Author], [Date], [PssNumber], [Status], [Description], [PrivateInfosBugs], [PssStatus], [AdditionalInformation]) VALUES (53, N'F01.0C.10.00', N'trunk', N'IC2', N'TEL', N'Reto Kaufmann', CAST(N'2016-12-12 00:00:00.000' AS DateTime), 858154, NULL, N'First R620 DN100 angle valve with Logic Interface', NULL, NULL, NULL)
INSERT [dbo].[SoftwareVersions] ([Id], [Software], [Base], [System], [Customer], [Author], [Date], [PssNumber], [Status], [Description], [PrivateInfosBugs], [PssStatus], [AdditionalInformation]) VALUES (54, N'F01.0C.02.18', N'F01.0C.02.17', N'IC2', N'LAM', N'Reto Kaufmann', CAST(N'2016-08-22 00:00:00.000' AS DateTime), 856960, NULL, N'Sensor Crossover: New mode "Target Pressure"', NULL, NULL, NULL)
INSERT [dbo].[SoftwareVersions] ([Id], [Software], [Base], [System], [Customer], [Author], [Date], [PssNumber], [Status], [Description], [PrivateInfosBugs], [PssStatus], [AdditionalInformation]) VALUES (55, N'F01.0C.11.00', N'F01.0C.02.16', N'IC2', N'LAM', N'Reto Kaufmann', CAST(N'2016-09-29 00:00:00.000' AS DateTime), NULL, NULL, N'Firmware identisch zur Vorgänger, für LAM "Flex HX"', NULL, NULL, NULL)
INSERT [dbo].[SoftwareVersions] ([Id], [Software], [Base], [System], [Customer], [Author], [Date], [PssNumber], [Status], [Description], [PrivateInfosBugs], [PssStatus], [AdditionalInformation]) VALUES (56, N'F01.0C.12.01', N'F01.0C.02.16', N'IC2', N'LAM', N'Reto Kaufmann', CAST(N'2016-12-20 00:00:00.000' AS DateTime), 861528, NULL, N'Firmware identisch zur Vorgänger, für LAM "Kiyo GX"', NULL, NULL, NULL)
INSERT [dbo].[SoftwareVersions] ([Id], [Software], [Base], [System], [Customer], [Author], [Date], [PssNumber], [Status], [Description], [PrivateInfosBugs], [PssStatus], [AdditionalInformation]) VALUES (57, N'F01.0C.13.00', N'trunk', N'IC2', N'LAM', N'Reto Kaufmann', CAST(N'2017-02-07 15:13:52.000' AS DateTime), NULL, NULL, N'Reservation for LAM "future Project"', NULL, NULL, NULL)
INSERT [dbo].[SoftwareVersions] ([Id], [Software], [Base], [System], [Customer], [Author], [Date], [PssNumber], [Status], [Description], [PrivateInfosBugs], [PssStatus], [AdditionalInformation]) VALUES (58, N'F01.0C.05.04', N'F01.0C.05.03', N'IC2', N'TEL', N'Reto Kaufmann', CAST(N'2016-09-12 00:00:00.000' AS DateTime), 855850, NULL, N'Solve pressure spike issue
Improve sensor filter (filter 2. order)
', N'Communication collision between sensor ADC and display
Rework plasma mode', NULL, NULL)
INSERT [dbo].[SoftwareVersions] ([Id], [Software], [Base], [System], [Customer], [Author], [Date], [PssNumber], [Status], [Description], [PrivateInfosBugs], [PssStatus], [AdditionalInformation]) VALUES (59, N'F01.0C.04.02', N'F01.0C.05.04', N'IC2', N'TEL', N'Reto Kaufmann', CAST(N'2016-10-05 00:00:00.000' AS DateTime), 863202, NULL, N'Update firmware of existing S655 valve ', NULL, NULL, NULL)
INSERT [dbo].[SoftwareVersions] ([Id], [Software], [Base], [System], [Customer], [Author], [Date], [PssNumber], [Status], [Description], [PrivateInfosBugs], [PssStatus], [AdditionalInformation]) VALUES (60, N'F01.0C.14.00', N'trunk', N'IC2', N'Hitachi Kasado', N'Reto Kaufmann', CAST(N'2017-02-06 00:00:00.000' AS DateTime), 861873, NULL, N'S620 with HiKE command set', NULL, NULL, NULL)
INSERT [dbo].[SoftwareVersions] ([Id], [Software], [Base], [System], [Customer], [Author], [Date], [PssNumber], [Status], [Description], [PrivateInfosBugs], [PssStatus], [AdditionalInformation]) VALUES (61, N'F01.0C.05.05', N'F01.0C.05.04', N'IC2', N'TEL', N'Reto Kaufmann', CAST(N'2016-10-28 00:00:00.000' AS DateTime), 865515, NULL, N'Optimize Minimum Conductance Detection/Closing procedure to improve precision', NULL, NULL, NULL)
INSERT [dbo].[SoftwareVersions] ([Id], [Software], [Base], [System], [Customer], [Author], [Date], [PssNumber], [Status], [Description], [PrivateInfosBugs], [PssStatus], [AdditionalInformation]) VALUES (62, N'F02.0B.02.00', N'F02.0B.01.00', N'IC2', N'-', N'Reto Kaufmann', CAST(N'2016-12-02 00:00:00.000' AS DateTime), 856742, NULL, N'Release standard firmware:
*Introduce R613, R616
*New mode "Logic" (4 positions for the 4 states of the two digital inputs)', NULL, NULL, NULL)
INSERT [dbo].[SoftwareVersions] ([Id], [Software], [Base], [System], [Customer], [Author], [Date], [PssNumber], [Status], [Description], [PrivateInfosBugs], [PssStatus], [AdditionalInformation]) VALUES (63, N'F01.0T.02.00', N'trunk', N'IC2', N'Internal', N'Reto Kaufmann', CAST(N'2016-02-07 15:13:35.000' AS DateTime), NULL, NULL, N'R62 Messeventil, Bewegungssequenz hinterlegt', NULL, NULL, NULL)
INSERT [dbo].[SoftwareVersions] ([Id], [Software], [Base], [System], [Customer], [Author], [Date], [PssNumber], [Status], [Description], [PrivateInfosBugs], [PssStatus], [AdditionalInformation]) VALUES (64, N'DEV-FIR-1803-B381835 Axis2', N'FIR-v1606-B292615 Axis2', N'Motion Controller', N'-', N'Nanotec', CAST(N'2016-11-15 00:00:00.000' AS DateTime), 868921, NULL, NULL, N'Vorgängerversion hat Bug in Jerk-Limite', NULL, NULL)
INSERT [dbo].[SoftwareVersions] ([Id], [Software], [Base], [System], [Customer], [Author], [Date], [PssNumber], [Status], [Description], [PrivateInfosBugs], [PssStatus], [AdditionalInformation]) VALUES (65, N'DEV-FIR-1803-B381835 Axis1', N'FIR-v1606-B292615 Axis1', N'Motion Controller', N'-', N'Nanotec', CAST(N'2016-11-15 00:00:00.000' AS DateTime), 868923, NULL, NULL, N'Vorgängerversion hat Bug in Jerk-Limite', NULL, NULL)
INSERT [dbo].[SoftwareVersions] ([Id], [Software], [Base], [System], [Customer], [Author], [Date], [PssNumber], [Status], [Description], [PrivateInfosBugs], [PssStatus], [AdditionalInformation]) VALUES (66, N'F01.0C.05.06', N'F01.0C.05.05', N'IC2', N'TEL', N'Reto Kaufmann', CAST(N'2016-11-24 00:00:00.000' AS DateTime), 867979, NULL, NULL, NULL, NULL, NULL)
INSERT [dbo].[SoftwareVersions] ([Id], [Software], [Base], [System], [Customer], [Author], [Date], [PssNumber], [Status], [Description], [PrivateInfosBugs], [PssStatus], [AdditionalInformation]) VALUES (67, N'F01.0P.04.00', N'trunk', N'IC2', N'Internal', N'Christoph Rhiner', CAST(N'2017-02-01 00:00:00.000' AS DateTime), 871094, NULL, N'R670 Actuator test', NULL, NULL, NULL)
INSERT [dbo].[SoftwareVersions] ([Id], [Software], [Base], [System], [Customer], [Author], [Date], [PssNumber], [Status], [Description], [PrivateInfosBugs], [PssStatus], [AdditionalInformation]) VALUES (70, N'F01.0C.02.19', N'F01.0C.02.18', N'IC2', N'LAM', N'Reto Kaufmann', CAST(N'2016-10-14 00:00:00.000' AS DateTime), 864476, NULL, N'Stroke backlash compensation', NULL, NULL, NULL)
INSERT [dbo].[SoftwareVersions] ([Id], [Software], [Base], [System], [Customer], [Author], [Date], [PssNumber], [Status], [Description], [PrivateInfosBugs], [PssStatus], [AdditionalInformation]) VALUES (71, N'F01.0C.15.00', N'trunk', N'IC2', N'Tokki', N'Christoph Rhiner', CAST(N'2017-02-06 00:00:00.000' AS DateTime), 880536, NULL, N'New Valve R16.3 implemented', NULL, NULL, NULL)
INSERT [dbo].[SoftwareVersions] ([Id], [Software], [Base], [System], [Customer], [Author], [Date], [PssNumber], [Status], [Description], [PrivateInfosBugs], [PssStatus], [AdditionalInformation]) VALUES (83, N'F01.0C.16.00', N'trunk', N'IC2', N'AMAT', N'Reto Kaufmann', CAST(N'2017-02-07 13:35:45.000' AS DateTime), 880898, NULL, N'EtherCAT Eval Controller SFV', NULL, NULL, NULL)
INSERT [dbo].[SoftwareVersions] ([Id], [Software], [Base], [System], [Customer], [Author], [Date], [PssNumber], [Status], [Description], [PrivateInfosBugs], [PssStatus], [AdditionalInformation]) VALUES (84, N'F01.0P.05.00', N'trunk', N'IC2', N'Internal', N'Christoph Rhiner', CAST(N'2017-02-08 09:06:25.000' AS DateTime), 880938, NULL, N'PFO Testsoftware for supplier CCS
As soon PFO is ready to use, at display appears "rEdY". After a power off the display shows a seconds counter. "S. x.x". If the PFO is not ready to use, the display shows "S.---"', NULL, NULL, NULL)
INSERT [dbo].[SoftwareVersions] ([Id], [Software], [Base], [System], [Customer], [Author], [Date], [PssNumber], [Status], [Description], [PrivateInfosBugs], [PssStatus], [AdditionalInformation]) VALUES (85, N'F01.0C.02.20', N'F01.0C.02.19', N'IC2', N'LAM', N'Reto Kaufmann', CAST(N'2017-03-07 16:35:10.000' AS DateTime), 869461, NULL, N'LAM FaceSeal with backlash compensation (Oscilation stroke)', NULL, NULL, NULL)
INSERT [dbo].[SoftwareVersions] ([Id], [Software], [Base], [System], [Customer], [Author], [Date], [PssNumber], [Status], [Description], [PrivateInfosBugs], [PssStatus], [AdditionalInformation]) VALUES (86, N'F01.0C.17.00', N'trunk', N'IC2', N'LAM', N'Reto Kaufmann', CAST(N'2017-03-07 16:54:11.000' AS DateTime), 885666, NULL, N'Testfirmware LAM FoE...', NULL, NULL, NULL)
INSERT [dbo].[SoftwareVersions] ([Id], [Software], [Base], [System], [Customer], [Author], [Date], [PssNumber], [Status], [Description], [PrivateInfosBugs], [PssStatus], [AdditionalInformation]) VALUES (87, N'F01.0C.18.00', N'trunk', N'IC2', N'TEL', N'Reto Kaufmann', CAST(N'2017-03-22 07:53:45.000' AS DateTime), 887643, NULL, N'TEL SFV with EtherCAT', NULL, NULL, NULL)
INSERT [dbo].[SoftwareVersions] ([Id], [Software], [Base], [System], [Customer], [Author], [Date], [PssNumber], [Status], [Description], [PrivateInfosBugs], [PssStatus], [AdditionalInformation]) VALUES (88, N'4.6.0.4', N'4.3.11.0', N'netXECAT', N'', N'', CAST(N'2017-03-23 16:41:40.000' AS DateTime), 88588, NULL, N'netX EtherCAT stack firmware', NULL, NULL, NULL)
INSERT [dbo].[SoftwareVersions] ([Id], [Software], [Base], [System], [Customer], [Author], [Date], [PssNumber], [Status], [Description], [PrivateInfosBugs], [PssStatus], [AdditionalInformation]) VALUES (89, N'4.0.7', N'4.0.6', N'CPA', N'', N'', CAST(N'2017-03-23 16:43:22.000' AS DateTime), 887619, NULL, N'*New Update Tool
*Trace Log Tool
*Interface Firmware downloadable
*Learn data Anayzler Tool
*Many minor improvements
*Bugfix chart display issue', NULL, NULL, NULL)
INSERT [dbo].[SoftwareVersions] ([Id], [Software], [Base], [System], [Customer], [Author], [Date], [PssNumber], [Status], [Description], [PrivateInfosBugs], [PssStatus], [AdditionalInformation]) VALUES (90, N'F01.0C.16.01', N'F01.0C.16.00', N'IC2', N'AMAT', N'Reto Kaufmann', CAST(N'2017-03-24 09:56:13.000' AS DateTime), 886432, NULL, N'Identical to F01.0C.16.00, used for testing firmware update via EtherCAT', NULL, NULL, NULL)
INSERT [dbo].[SoftwareVersions] ([Id], [Software], [Base], [System], [Customer], [Author], [Date], [PssNumber], [Status], [Description], [PrivateInfosBugs], [PssStatus], [AdditionalInformation]) VALUES (91, N'F01.0C.16.02', N'F01.0C.16.01', N'IC2', N'AMAT', N'Reto Kaufmann', CAST(N'2017-03-24 09:57:40.000' AS DateTime), 888093, NULL, N'First SFV valves after evaluation with firmware F01.0C.16.00/F01.0C.16.01', NULL, NULL, NULL)
INSERT [dbo].[SoftwareVersions] ([Id], [Software], [Base], [System], [Customer], [Author], [Date], [PssNumber], [Status], [Description], [PrivateInfosBugs], [PssStatus], [AdditionalInformation]) VALUES (92, N'F01.0C.17.01', N'F01.0C.17.00', N'IC2', N'LAM', N'Reto Kaufmann', CAST(N'2017-03-24 09:59:02.000' AS DateTime), 888094, NULL, N'Identical to F01.0C.17.00, used for testing firmware update via EtherCAT', NULL, NULL, NULL)
INSERT [dbo].[SoftwareVersions] ([Id], [Software], [Base], [System], [Customer], [Author], [Date], [PssNumber], [Status], [Description], [PrivateInfosBugs], [PssStatus], [AdditionalInformation]) VALUES (93, N'F01.0C.05.07', N'F01.0C.05.06', N'IC2', N'TEL', N'Reto Kaufmann', CAST(N'2017-03-29 16:14:25.000' AS DateTime), 887618, NULL, NULL, NULL, NULL, NULL)
SET IDENTITY_INSERT [dbo].[SoftwareVersions] OFF
SET IDENTITY_INSERT [dbo].[Softwares] ON 

INSERT [dbo].[Softwares] ([Id], [Software], [System], [SoftwareVersionsId]) VALUES (38, N'4.3.11.0', N'netXECAT', 6)
INSERT [dbo].[Softwares] ([Id], [Software], [System], [SoftwareVersionsId]) VALUES (39, N'FIR-v1524-B136619', N'Motion Controller', 6)
INSERT [dbo].[Softwares] ([Id], [Software], [System], [SoftwareVersionsId]) VALUES (40, N'4.3.11.0', N'netXECAT', 14)
INSERT [dbo].[Softwares] ([Id], [Software], [System], [SoftwareVersionsId]) VALUES (41, N'FIR-v1524-B136619', N'Motion Controller', 14)
INSERT [dbo].[Softwares] ([Id], [Software], [System], [SoftwareVersionsId]) VALUES (42, N'4.3.11.0', N'netXECAT', 15)
INSERT [dbo].[Softwares] ([Id], [Software], [System], [SoftwareVersionsId]) VALUES (43, N'FIR-v1524-B136619', N'Motion Controller', 15)
INSERT [dbo].[Softwares] ([Id], [Software], [System], [SoftwareVersionsId]) VALUES (44, N'4.3.11.0', N'netXECAT', 16)
INSERT [dbo].[Softwares] ([Id], [Software], [System], [SoftwareVersionsId]) VALUES (45, N'FIR-v1524-B136619', N'Motion Controller', 16)
INSERT [dbo].[Softwares] ([Id], [Software], [System], [SoftwareVersionsId]) VALUES (46, N'4.3.11.0', N'netXECAT', 17)
INSERT [dbo].[Softwares] ([Id], [Software], [System], [SoftwareVersionsId]) VALUES (47, N'FIR-v1524-B136619', N'Motion Controller', 17)
INSERT [dbo].[Softwares] ([Id], [Software], [System], [SoftwareVersionsId]) VALUES (48, N'4.3.11.0', N'netXECAT', 18)
INSERT [dbo].[Softwares] ([Id], [Software], [System], [SoftwareVersionsId]) VALUES (49, N'FIR-v1524-B136619', N'Motion Controller', 18)
INSERT [dbo].[Softwares] ([Id], [Software], [System], [SoftwareVersionsId]) VALUES (56, N'FIR-v1524-B136619', N'Motion Controller', 31)
INSERT [dbo].[Softwares] ([Id], [Software], [System], [SoftwareVersionsId]) VALUES (60, N'FIR-v1524-B136619', N'Motion Controller', 32)
INSERT [dbo].[Softwares] ([Id], [Software], [System], [SoftwareVersionsId]) VALUES (62, N'FIR-v1524-B136619', N'Motion Controller', 33)
INSERT [dbo].[Softwares] ([Id], [Software], [System], [SoftwareVersionsId]) VALUES (64, N'FIR-v1524-B136619', N'Motion Controller', 19)
INSERT [dbo].[Softwares] ([Id], [Software], [System], [SoftwareVersionsId]) VALUES (65, N'4.3.11.0', N'netXECAT', 19)
INSERT [dbo].[Softwares] ([Id], [Software], [System], [SoftwareVersionsId]) VALUES (66, N'FIR-v1524-B136619', N'Motion Controller', 4)
INSERT [dbo].[Softwares] ([Id], [Software], [System], [SoftwareVersionsId]) VALUES (80, N'FIR-v1606-B292615 Axis1', N'Motion Controller', 24)
INSERT [dbo].[Softwares] ([Id], [Software], [System], [SoftwareVersionsId]) VALUES (81, N'FIR-v1606-B292615 Axis2', N'Motion Controller', 24)
INSERT [dbo].[Softwares] ([Id], [Software], [System], [SoftwareVersionsId]) VALUES (82, N'FIR-v1606-B292615 Axis1', N'Motion Controller', 44)
INSERT [dbo].[Softwares] ([Id], [Software], [System], [SoftwareVersionsId]) VALUES (83, N'FIR-v1606-B292615 Axis2', N'Motion Controller', 44)
SET IDENTITY_INSERT [dbo].[Softwares] OFF
SET IDENTITY_INSERT [dbo].[Authors] ON 

INSERT [dbo].[Authors] ([Id], [Author]) VALUES (0, N'')
INSERT [dbo].[Authors] ([Id], [Author]) VALUES (1, N'Reto Kaufmann')
INSERT [dbo].[Authors] ([Id], [Author]) VALUES (9, N'Christoph Rhiner')
INSERT [dbo].[Authors] ([Id], [Author]) VALUES (10, N'Nanotec')
INSERT [dbo].[Authors] ([Id], [Author]) VALUES (11, N'Wolfgang Madlener')
INSERT [dbo].[Authors] ([Id], [Author]) VALUES (14, N'Andreas Stucki')
SET IDENTITY_INSERT [dbo].[Authors] OFF
SET IDENTITY_INSERT [dbo].[BaseSoftwares] ON 

INSERT [dbo].[BaseSoftwares] ([Id], [BaseSoftware]) VALUES (24, N'')
INSERT [dbo].[BaseSoftwares] ([Id], [BaseSoftware]) VALUES (25, N'trunk')
INSERT [dbo].[BaseSoftwares] ([Id], [BaseSoftware]) VALUES (26, N'F02.0B.01.00')
INSERT [dbo].[BaseSoftwares] ([Id], [BaseSoftware]) VALUES (27, N'FIR-v1524-B136619')
INSERT [dbo].[BaseSoftwares] ([Id], [BaseSoftware]) VALUES (28, N'F02.0T.01.00')
INSERT [dbo].[BaseSoftwares] ([Id], [BaseSoftware]) VALUES (29, N'4.3.11.0')
INSERT [dbo].[BaseSoftwares] ([Id], [BaseSoftware]) VALUES (30, N'F01.0C.04.01')
INSERT [dbo].[BaseSoftwares] ([Id], [BaseSoftware]) VALUES (31, N'F01.0C.04.00')
INSERT [dbo].[BaseSoftwares] ([Id], [BaseSoftware]) VALUES (32, N'F01.0C.03.03')
INSERT [dbo].[BaseSoftwares] ([Id], [BaseSoftware]) VALUES (33, N'F01.0C.03.00')
INSERT [dbo].[BaseSoftwares] ([Id], [BaseSoftware]) VALUES (34, N'F01.0C.005')
INSERT [dbo].[BaseSoftwares] ([Id], [BaseSoftware]) VALUES (35, N'F01.0C.01.00')
INSERT [dbo].[BaseSoftwares] ([Id], [BaseSoftware]) VALUES (36, N'F01.0C.02.00')
INSERT [dbo].[BaseSoftwares] ([Id], [BaseSoftware]) VALUES (37, N'F01.0C.02.07')
INSERT [dbo].[BaseSoftwares] ([Id], [BaseSoftware]) VALUES (38, N'F01.0C.02.08')
INSERT [dbo].[BaseSoftwares] ([Id], [BaseSoftware]) VALUES (39, N'F01.0C.02.09')
INSERT [dbo].[BaseSoftwares] ([Id], [BaseSoftware]) VALUES (40, N'F01.0C.02.10')
INSERT [dbo].[BaseSoftwares] ([Id], [BaseSoftware]) VALUES (41, N'F01.0C.02.11')
INSERT [dbo].[BaseSoftwares] ([Id], [BaseSoftware]) VALUES (42, N'F01.0C.02.12')
INSERT [dbo].[BaseSoftwares] ([Id], [BaseSoftware]) VALUES (43, N'F01.0C.02.06')
INSERT [dbo].[BaseSoftwares] ([Id], [BaseSoftware]) VALUES (44, N'F01.0C.03.01')
INSERT [dbo].[BaseSoftwares] ([Id], [BaseSoftware]) VALUES (45, N'F01.0C.03.02')
INSERT [dbo].[BaseSoftwares] ([Id], [BaseSoftware]) VALUES (46, N'F01.0C.05.00')
INSERT [dbo].[BaseSoftwares] ([Id], [BaseSoftware]) VALUES (47, N'F01.0C.06.00')
INSERT [dbo].[BaseSoftwares] ([Id], [BaseSoftware]) VALUES (48, N'F01.0P.02.00')
INSERT [dbo].[BaseSoftwares] ([Id], [BaseSoftware]) VALUES (49, N'F01.0P.02.01')
INSERT [dbo].[BaseSoftwares] ([Id], [BaseSoftware]) VALUES (50, N'F01.0P.03.00')
INSERT [dbo].[BaseSoftwares] ([Id], [BaseSoftware]) VALUES (51, N'F01.1P.01.04')
INSERT [dbo].[BaseSoftwares] ([Id], [BaseSoftware]) VALUES (52, N'F01.1P.01.05')
INSERT [dbo].[BaseSoftwares] ([Id], [BaseSoftware]) VALUES (53, N'F01.1P.01.06')
INSERT [dbo].[BaseSoftwares] ([Id], [BaseSoftware]) VALUES (54, N'F01.1P.01.07')
INSERT [dbo].[BaseSoftwares] ([Id], [BaseSoftware]) VALUES (55, N'F02.1P.01.01')
INSERT [dbo].[BaseSoftwares] ([Id], [BaseSoftware]) VALUES (56, N'4.0.3')
INSERT [dbo].[BaseSoftwares] ([Id], [BaseSoftware]) VALUES (57, N'4.0.4')
INSERT [dbo].[BaseSoftwares] ([Id], [BaseSoftware]) VALUES (58, N'4.0.5')
INSERT [dbo].[BaseSoftwares] ([Id], [BaseSoftware]) VALUES (59, N'4.0.6')
INSERT [dbo].[BaseSoftwares] ([Id], [BaseSoftware]) VALUES (60, N'FIR-v1606-B292615 Axis1')
INSERT [dbo].[BaseSoftwares] ([Id], [BaseSoftware]) VALUES (61, N'FIR-v1606-B292615 Axis2')
INSERT [dbo].[BaseSoftwares] ([Id], [BaseSoftware]) VALUES (62, N'FIR-v1524-B293396 Axis1')
INSERT [dbo].[BaseSoftwares] ([Id], [BaseSoftware]) VALUES (63, N'FIR-v1524-B293396 Axis2')
INSERT [dbo].[BaseSoftwares] ([Id], [BaseSoftware]) VALUES (64, N'F01.0C.08.00')
INSERT [dbo].[BaseSoftwares] ([Id], [BaseSoftware]) VALUES (65, N'F01.0C.07.00')
INSERT [dbo].[BaseSoftwares] ([Id], [BaseSoftware]) VALUES (66, N'F01.0C.05.01')
INSERT [dbo].[BaseSoftwares] ([Id], [BaseSoftware]) VALUES (67, N'F01.0C.02.14')
INSERT [dbo].[BaseSoftwares] ([Id], [BaseSoftware]) VALUES (68, N'F01.0T.02.09')
INSERT [dbo].[BaseSoftwares] ([Id], [BaseSoftware]) VALUES (69, N'F01.0C.05.02')
INSERT [dbo].[BaseSoftwares] ([Id], [BaseSoftware]) VALUES (70, N'F01.0C.02.15')
INSERT [dbo].[BaseSoftwares] ([Id], [BaseSoftware]) VALUES (71, N'F01.0C.02.16')
INSERT [dbo].[BaseSoftwares] ([Id], [BaseSoftware]) VALUES (72, N'F01.0C.02.17')
INSERT [dbo].[BaseSoftwares] ([Id], [BaseSoftware]) VALUES (73, N'F01.0C.05.03')
INSERT [dbo].[BaseSoftwares] ([Id], [BaseSoftware]) VALUES (74, N'F01.0C.09.00')
INSERT [dbo].[BaseSoftwares] ([Id], [BaseSoftware]) VALUES (75, N'F01.0C.10.00')
INSERT [dbo].[BaseSoftwares] ([Id], [BaseSoftware]) VALUES (76, N'F01.0C.02.18')
INSERT [dbo].[BaseSoftwares] ([Id], [BaseSoftware]) VALUES (77, N'F01.0C.11.00')
INSERT [dbo].[BaseSoftwares] ([Id], [BaseSoftware]) VALUES (78, N'F01.0C.12.00')
INSERT [dbo].[BaseSoftwares] ([Id], [BaseSoftware]) VALUES (79, N'F01.0C.13.00')
INSERT [dbo].[BaseSoftwares] ([Id], [BaseSoftware]) VALUES (80, N'F01.0C.12.01')
INSERT [dbo].[BaseSoftwares] ([Id], [BaseSoftware]) VALUES (81, N'F01.0C.05.04')
INSERT [dbo].[BaseSoftwares] ([Id], [BaseSoftware]) VALUES (82, N'F01.0C.04.02')
INSERT [dbo].[BaseSoftwares] ([Id], [BaseSoftware]) VALUES (83, N'F01.0C.14.00')
INSERT [dbo].[BaseSoftwares] ([Id], [BaseSoftware]) VALUES (84, N'F01.0C.05.05')
INSERT [dbo].[BaseSoftwares] ([Id], [BaseSoftware]) VALUES (85, N'F02.0B.02.00')
INSERT [dbo].[BaseSoftwares] ([Id], [BaseSoftware]) VALUES (86, N'F02.0T.02.00')
INSERT [dbo].[BaseSoftwares] ([Id], [BaseSoftware]) VALUES (87, N'DEV-FIR-1803-B381835 Axis2')
INSERT [dbo].[BaseSoftwares] ([Id], [BaseSoftware]) VALUES (88, N'DEV-FIR-1803-B381835 Axis1')
INSERT [dbo].[BaseSoftwares] ([Id], [BaseSoftware]) VALUES (89, N'F01.0C.05.06')
INSERT [dbo].[BaseSoftwares] ([Id], [BaseSoftware]) VALUES (90, N'F01.0P.04.00')
INSERT [dbo].[BaseSoftwares] ([Id], [BaseSoftware]) VALUES (93, N'F01.0T.02.00')
INSERT [dbo].[BaseSoftwares] ([Id], [BaseSoftware]) VALUES (94, N'F01.0C.02.19')
INSERT [dbo].[BaseSoftwares] ([Id], [BaseSoftware]) VALUES (95, N'F01.0C.15.00')
INSERT [dbo].[BaseSoftwares] ([Id], [BaseSoftware]) VALUES (107, N'F01.0C.16.00')
INSERT [dbo].[BaseSoftwares] ([Id], [BaseSoftware]) VALUES (108, N'F01.0P.05.00')
INSERT [dbo].[BaseSoftwares] ([Id], [BaseSoftware]) VALUES (109, N'F01.0C.02.20')
INSERT [dbo].[BaseSoftwares] ([Id], [BaseSoftware]) VALUES (110, N'F01.0C.17.00')
INSERT [dbo].[BaseSoftwares] ([Id], [BaseSoftware]) VALUES (111, N'F01.0C.18.00')
INSERT [dbo].[BaseSoftwares] ([Id], [BaseSoftware]) VALUES (112, N'4.6.0.4')
INSERT [dbo].[BaseSoftwares] ([Id], [BaseSoftware]) VALUES (113, N'4.0.7')
INSERT [dbo].[BaseSoftwares] ([Id], [BaseSoftware]) VALUES (114, N'F01.0C.16.01')
INSERT [dbo].[BaseSoftwares] ([Id], [BaseSoftware]) VALUES (115, N'F01.0C.16.02')
INSERT [dbo].[BaseSoftwares] ([Id], [BaseSoftware]) VALUES (116, N'F01.0C.17.01')
INSERT [dbo].[BaseSoftwares] ([Id], [BaseSoftware]) VALUES (117, N'F01.0C.05.07')
SET IDENTITY_INSERT [dbo].[BaseSoftwares] OFF
SET IDENTITY_INSERT [dbo].[ConfigData] ON 

INSERT [dbo].[ConfigData] ([Id], [ConfigString], [ConfigNumber]) VALUES (0, N'database version', 101)
SET IDENTITY_INSERT [dbo].[ConfigData] OFF
SET IDENTITY_INSERT [dbo].[Customers] ON 

INSERT [dbo].[Customers] ([Id], [Customer]) VALUES (1, N'Internal')
INSERT [dbo].[Customers] ([Id], [Customer]) VALUES (2, N'TEL ES')
INSERT [dbo].[Customers] ([Id], [Customer]) VALUES (3, N'TEL')
INSERT [dbo].[Customers] ([Id], [Customer]) VALUES (4, N'AMAT')
INSERT [dbo].[Customers] ([Id], [Customer]) VALUES (5, N'LAM')
INSERT [dbo].[Customers] ([Id], [Customer]) VALUES (6, N'-')
INSERT [dbo].[Customers] ([Id], [Customer]) VALUES (7, N'Hitachi Kasado')
INSERT [dbo].[Customers] ([Id], [Customer]) VALUES (8, N'APTC, KR')
INSERT [dbo].[Customers] ([Id], [Customer]) VALUES (9, N'TEL (TML)')
INSERT [dbo].[Customers] ([Id], [Customer]) VALUES (10, N'')
INSERT [dbo].[Customers] ([Id], [Customer]) VALUES (11, N'Tokki')
SET IDENTITY_INSERT [dbo].[Customers] OFF
SET IDENTITY_INSERT [dbo].[DocumentTypes] ON 

INSERT [dbo].[DocumentTypes] ([Id], [DocumentType]) VALUES (0, N'')
SET IDENTITY_INSERT [dbo].[DocumentTypes] OFF
SET IDENTITY_INSERT [dbo].[PropertyTypes] ON 

INSERT [dbo].[PropertyTypes] ([Id], [PropertyType], [PropertyDescription]) VALUES (6, N'', N'')
SET IDENTITY_INSERT [dbo].[PropertyTypes] OFF
